{"(1, 0, 0, 0, 1, 0, 0, 0, 0, 0, 0, 0)": [0.20737016201019287, 0.15061019361019135, 0.3680780827999115, 0.23757027089595795], "(0, 1, 0, 0, 0, 0, 0, 0, 0, 0, 0, 0)": [0.03719034790992737, 0.13092195987701416, 0.17304401099681854, 0.1401912420988083], "(0, 0, 1, 0, 0, 0, 0, 0, 0, 0, 0, 0)": [0.05167989060282707, 0.0976179838180542, 0.23551678657531738, 0.2019493579864502], "(0, 1, 0, 0, 0, 0, 0, 0, 0, 1, 0, 0)": [0.038557056337594986, -0.06187862157821655, 0.2053287923336029, -0.07693872600793839], "(1, 0, 0, 0, 0, 0, 0, 1, 0, 0, 0, 0)": [0.13161905109882355, 0.2212492674589157, 0.30335649847984314, 0.26964065432548523], "(0, 0, 0, 1, 0, 0, 0, 1, 0, 0, 0, 0)": [0.05021730437874794, 0.17128592729568481, 0.2920399308204651, 0.10512451827526093], "(0, 1, 0, 0, 0, 0, 0, 1, 0, 0, 0, 0)": [0.08435984700918198, 0.17708230018615723, 0.2537822425365448, 0.24602416157722473], "(1, 0, 0, 0, 0, 0, 0, 1, 1, 0, 0, 0)": [-0.24797816574573517, 0.05889948457479477, 0.05813346803188324, 0.06141155958175659], "(1, 0, 0, 0, 0, 0, 1, 0, 0, 0, 0, 0)": [0.1747453361749649, 0.16402126848697662, 0.2820136249065399, 0.22780606150627136], "(0, 0, 0, 1, 0, 0, 1, 0, 0, 0, 0, 0)": [0.23299337923526764, 0.09791455417871475, 0.13811419904232025, 0.11498114466667175], "(1, 0, 0, 0, 0, 1, 1, 0, 0, 0, 0, 0)": [0.3065924644470215, 0.1912626028060913, 0.1809534728527069, 0.17144791781902313], "(1, 0, 0, 0, 0, 0, 1, 1, 0, 0, 0, 0)": [0.17687472701072693, 0.2980184555053711, 0.29689639806747437, 0.23325611650943756], "(0, 0, 0, 1, 0, 0, 1, 1, 0, 0, 0, 0)": [0.2590932548046112, 0.21579353511333466, 0.2102694809436798, 0.0621272474527359], "(0, 0, 0, 1, 0, 0, 1, 1, 0, 0, 0, 1)": [0.43783771991729736, 0.09731995314359665, 0.045629121363162994, 0.26189061999320984], "(0, 1, 0, 0, 0, 0, 1, 1, 0, 0, 0, 0)": [0.30903875827789307, 0.3247193396091461, 0.34950703382492065, 0.3039054572582245], "(0, 1, 0, 0, 1, 0, 0, 1, 0, 0, 0, 0)": [0.49397072196006775, 0.40115541219711304, 0.409085214138031, 0.2220994234085083], "(0, 0, 1, 0, 1, 0, 0, 1, 0, 0, 0, 0)": [0.23968271911144257, 0.07015766203403473, 0.212232768535614, 0.2779747247695923], "(0, 0, 1, 0, 0, 0, 1, 1, 0, 0, 0, 0)": [0.2728380858898163, 0.2882337272167206, 0.34169670939445496, 0.17055727541446686], "(1, 0, 0, 0, 0, 0, 1, 1, 1, 0, 0, 0)": [-0.2076624184846878, 0.1563280075788498, 0.25313082337379456, 0.14115768671035767], "(1, 0, 0, 0, 0, 0, 0, 0, 0, 0, 0, 0)": [0.12588857114315033, 0.13077469170093536, 0.26419365406036377, 0.18216527998447418], "(1, 0, 0, 0, 0, 1, 0, 0, 0, 0, 0, 0)": [0.05544336140155792, 0.11291465163230896, 0.2016230821609497, 0.1630023717880249], "(0, 0, 1, 0, 0, 0, 0, 1, 0, 0, 0, 0)": [0.09206037223339081, 0.1427249014377594, 0.32271048426628113, 0.21626710891723633], "(0, 0, 1, 0, 0, 1, 0, 0, 0, 0, 0, 0)": [0.1359609067440033, 0.05134305730462074, 0.24879488348960876, 0.22660432755947113], "(0, 1, 0, 0, 0, 1, 0, 0, 0, 0, 0, 0)": [0.1339624673128128, 0.09170118719339371, 0.12034490704536438, 0.1254000961780548], "(0, 1, 0, 0, 0, 1, 0, 0, 0, 1, 0, 0)": [0.186440572142601, -0.02856844663619995, 0.06541231274604797, 0.04362644627690315], "(0, 0, 0, 1, 0, 1, 0, 0, 0, 0, 0, 0)": [0.3020659387111664, 0.06176706403493881, 0.11649810522794724, 0.17753852903842926], "(0, 0, 1, 0, 0, 0, 0, 0, 0, 0, 1, 0)": [-0.14259324967861176, 0.059117820113897324, 0.046433430165052414, 0.10325843840837479], "(0, 0, 0, 1, 0, 0, 0, 0, 0, 0, 0, 0)": [0.1253816783428192, 0.1293448954820633, 0.1891508549451828, 0.18798744678497314], "(0, 0, 0, 1, 1, 0, 0, 1, 1, 0, 0, 0)": [0.12257088720798492, 0.11005713045597076, 0.299285888671875, 0.07883144170045853], "(1, 0, 0, 0, 0, 0, 0, 0, 0, 1, 0, 0)": [0.2832851707935333, 0.03149380534887314, 0.2838629186153412, 0.02266111597418785], "(1, 0, 0, 0, 0, 1, 0, 0, 0, 1, 0, 0)": [0.30288398265838623, -0.0038546219002455473, 0.20066559314727783, 0.08080098032951355], "(0, 1, 0, 0, 1, 0, 0, 0, 0, 0, 0, 0)": [0.5299772024154663, 0.2308332622051239, 0.35119736194610596, 0.14904625713825226], "(0, 1, 0, 0, 1, 0, 0, 1, 1, 0, 0, 0)": [0.28016555309295654, 0.12345129996538162, 0.3569924235343933, 0.14548885822296143], "(0, 1, 0, 0, 0, 0, 0, 1, 1, 1, 0, 0)": [-0.02900301292538643, -0.07812903821468353, 0.2637021243572235, -0.05549991875886917], "(0, 0, 0, 1, 0, 0, 0, 1, 1, 0, 0, 0)": [-0.06822054088115692, 0.07884246855974197, 0.3874829113483429, -0.013051757588982582], "(0, 0, 0, 1, 1, 0, 0, 0, 0, 0, 0, 0)": [0.3788303732872009, 0.20801085233688354, 0.256753146648407, 0.24004340171813965], "(0, 0, 1, 0, 0, 0, 1, 0, 0, 0, 0, 0)": [0.15621165931224823, 0.17357544600963593, 0.24918054044246674, 0.19823381304740906], "(0, 0, 0, 1, 0, 0, 1, 0, 0, 0, 0, 1)": [0.3691304922103882, 0.03610590845346451, 0.06306657195091248, 0.09437422454357147], "(0, 1, 0, 0, 0, 0, 1, 0, 0, 0, 0, 0)": [0.1433449536561966, 0.22281712293624878, 0.23836049437522888, 0.27523526549339294], "(0, 1, 0, 0, 0, 1, 1, 0, 0, 0, 0, 0)": [0.06270589679479599, 0.013063439168035984, 0.14958339929580688, 0.18773150444030762], "(0, 1, 0, 0, 0, 0, 0, 1, 0, 1, 0, 0)": [0.011060857214033604, 0.05165738984942436, 0.16562405228614807, 0.011180179193615913], "(0, 0, 1, 0, 0, 0, 0, 1, 0, 1, 0, 0)": [0.07363764941692352, 0.0988520085811615, 0.345796674489975, 0.0771682858467102], "(0, 0, 1, 0, 0, 1, 0, 0, 0, 1, 0, 0)": [0.27487388253211975, -0.007820362225174904, 0.3803179860115051, 0.038477566093206406], "(0, 0, 1, 0, 0, 0, 0, 0, 0, 1, 0, 0)": [0.15030726790428162, -0.053716644644737244, 0.40076300501823425, 0.1176442801952362], "(0, 0, 1, 0, 0, 0, 0, 0, 0, 1, 1, 0)": [0.024383915588259697, 0.054136961698532104, 0.2272370159626007, -0.01615055464208126], "(0, 0, 1, 0, 1, 0, 0, 0, 0, 0, 1, 0)": [0.14832967519760132, 0.16248385608196259, 0.3357505202293396, 0.13709107041358948], "(0, 0, 0, 1, 0, 0, 1, 0, 0, 0, 1, 0)": [0.17860133945941925, -0.007841440849006176, -0.25119805335998535, 0.21359187364578247], "(0, 0, 0, 1, 0, 0, 0, 0, 0, 0, 1, 0)": [0.12182590365409851, 0.07180427014827728, -0.021686725318431854, 0.06049465015530586], "(0, 0, 0, 1, 0, 1, 1, 0, 0, 0, 0, 1)": [0.3840038776397705, 0.146244078874588, 0.0687144547700882, 0.17097021639347076], "(0, 0, 1, 0, 0, 0, 1, 0, 0, 0, 0, 1)": [0.20731447637081146, 0.13380612432956696, 0.07876906543970108, 0.24027583003044128], "(0, 0, 1, 0, 0, 0, 1, 0, 0, 0, 1, 0)": [-0.0010818414157256484, 0.12494393438100815, 0.04090716317296028, 0.1909155547618866], "(0, 0, 0, 1, 1, 0, 0, 0, 0, 0, 1, 0)": [0.1461343914270401, 0.14480315148830414, 0.14563991129398346, 0.13587699830532074], "(0, 1, 0, 0, 0, 0, 0, 1, 1, 0, 0, 0)": [-0.13410688936710358, 0.13133880496025085, 0.15926559269428253, 0.02155790477991104], "(0, 0, 0, 1, 0, 1, 1, 0, 0, 0, 0, 0)": [0.370543509721756, 0.08562187850475311, 0.10377693921327591, 0.05715838447213173], "(0, 0, 1, 0, 0, 1, 1, 0, 0, 0, 0, 0)": [0.1025794968008995, 0.13472682237625122, 0.19150269031524658, 0.25518983602523804], "(1, 0, 0, 0, 0, 0, 1, 1, 0, 0, 0, 1)": [0.38774409890174866, 0.2975338399410248, 0.07653588056564331, 0.208705335855484], "(0, 0, 0, 1, 0, 0, 1, 1, 1, 0, 0, 0)": [0.18187308311462402, 0.13948248326778412, 0.19367286562919617, 0.09921890497207642], "(1, 0, 0, 0, 0, 1, 1, 0, 1, 0, 0, 0)": [-0.004706431180238724, 0.12736740708351135, 0.06483761966228485, 0.0823371633887291]}