{"(1, 0, 0, 0, 0, 0, 0, 1, 0, 0, 0, 0)": [8.472509384155273, 9.02294921875, 8.773419380187988, 8.891987800598145], "(0, 0, 0, 1, 0, 0, 0, 1, 0, 0, 0, 0)": [8.372544288635254, 8.489960670471191, 8.670402526855469, 8.278827667236328], "(0, 0, 1, 0, 0, 0, 0, 1, 0, 0, 0, 0)": [8.677485466003418, 8.701882362365723, 8.7136869430542, 8.471031188964844], "(0, 0, 1, 0, 0, 1, 0, 0, 0, 0, 0, 0)": [8.248921394348145, 8.84140396118164, 8.320759773254395, 9.092107772827148], "(0, 0, 1, 0, 0, 0, 0, 0, 0, 0, 1, 0)": [-2.7089405059814453, 7.86761474609375, -2.009099006652832, 8.393318176269531], "(1, 0, 0, 0, 0, 0, 0, 0, 0, 0, 0, 0)": [8.67887020111084, 8.67640209197998, 8.817028045654297, 8.730341911315918], "(0, 1, 0, 0, 0, 0, 0, 0, 0, 0, 0, 0)": [8.791932106018066, 8.487699508666992, 8.55470085144043, 8.293572425842285], "(1, 0, 0, 0, 0, 1, 0, 0, 1, 0, 0, 0)": [-3.0350167751312256, 8.955743789672852, -2.8042733669281006, 9.930679321289062], "(1, 0, 0, 0, 1, 0, 0, 0, 0, 0, 0, 0)": [9.225377082824707, 9.124094009399414, 8.923609733581543, 8.73283863067627], "(0, 0, 0, 1, 0, 0, 1, 0, 0, 0, 0, 0)": [8.214869499206543, 7.890791416168213, 7.916390895843506, 7.681794166564941], "(0, 0, 1, 0, 0, 0, 1, 0, 0, 0, 0, 0)": [8.257902145385742, 8.720759391784668, 7.730769157409668, 7.88049840927124], "(0, 1, 0, 0, 1, 0, 0, 0, 0, 0, 0, 0)": [9.4567232131958, 8.974678039550781, 8.94166374206543, 8.60822868347168], "(0, 0, 1, 0, 0, 0, 0, 0, 0, 0, 0, 0)": [8.228033065795898, 8.667902946472168, 8.381265640258789, 8.45448112487793], "(0, 1, 0, 0, 0, 0, 0, 0, 0, 1, 0, 0)": [8.597542762756348, -1.4461637735366821, 8.731773376464844, -1.5434956550598145], "(1, 0, 0, 0, 0, 0, 0, 0, 0, 1, 0, 0)": [8.252135276794434, -1.779538631439209, 9.75993537902832, 9.354521751403809], "(1, 0, 0, 0, 0, 1, 0, 0, 0, 1, 0, 0)": [7.7057414054870605, -0.7423548698425293, 9.010005950927734, 9.619298934936523], "(1, 0, 0, 0, 0, 0, 0, 1, 0, 1, 0, 0)": [7.748805046081543, -0.4997345209121704, 8.43199634552002, 8.482605934143066], "(0, 0, 0, 1, 1, 0, 0, 0, 0, 0, 0, 0)": [9.259533882141113, 8.730104446411133, 8.586548805236816, 8.409113883972168], "(1, 0, 0, 0, 0, 0, 1, 0, 0, 0, 0, 0)": [8.336787223815918, 8.609075546264648, 8.517419815063477, 8.06949234008789], "(1, 0, 0, 0, 0, 1, 1, 0, 0, 0, 0, 0)": [8.421492576599121, 9.231193542480469, 8.686881065368652, 8.338342666625977], "(0, 1, 0, 0, 0, 1, 1, 0, 0, 0, 0, 0)": [8.685583114624023, 9.181323051452637, 8.713964462280273, 8.74657917022705], "(0, 1, 0, 0, 0, 1, 0, 0, 0, 0, 0, 0)": [8.658608436584473, 8.69921588897705, 8.954397201538086, 8.35775089263916], "(0, 1, 0, 0, 0, 0, 0, 1, 0, 0, 0, 0)": [8.404175758361816, 8.303638458251953, 8.438681602478027, 8.108942031860352], "(1, 0, 0, 0, 0, 0, 0, 1, 1, 0, 0, 0)": [-1.3955236673355103, 8.820226669311523, -1.2413676977157593, 8.86037826538086], "(0, 0, 0, 1, 1, 0, 0, 1, 0, 0, 0, 0)": [10.417591094970703, 10.5857572555542, 11.350764274597168, 10.484447479248047], "(1, 0, 0, 0, 1, 0, 0, 1, 0, 0, 0, 0)": [8.752187728881836, 8.99569034576416, 8.685282707214355, 8.477494239807129], "(0, 0, 0, 1, 0, 0, 1, 1, 0, 0, 0, 1)": [7.332118511199951, -0.6637296676635742, 8.555383682250977, -0.7979695200920105], "(0, 0, 1, 0, 0, 0, 1, 1, 0, 0, 0, 1)": [7.944946765899658, 8.82272720336914, 8.68971061706543, 1.22025465965271], "(0, 1, 0, 0, 1, 0, 0, 1, 0, 0, 0, 0)": [9.127067565917969, 9.093122482299805, 9.435259819030762, 8.650944709777832], "(1, 0, 0, 0, 1, 0, 0, 1, 1, 0, 0, 0)": [-0.4488493800163269, 7.899864196777344, -0.040084660053253174, 8.105610847473145], "(0, 1, 0, 0, 0, 0, 0, 1, 1, 0, 0, 0)": [-0.8213907480239868, 8.244165420532227, 9.13333511352539, 8.205735206604004], "(0, 0, 0, 1, 0, 0, 1, 0, 0, 0, 0, 1)": [7.207859039306641, -2.6790778636932373, 8.326531410217285, -1.1226335763931274], "(0, 0, 0, 1, 0, 0, 1, 1, 0, 0, 0, 0)": [8.08657169342041, 8.073286056518555, 7.90250301361084, 7.848344802856445], "(1, 0, 0, 0, 0, 0, 1, 1, 1, 0, 0, 0)": [-1.502672553062439, 8.794095039367676, -1.32538640499115, 8.118441581726074], "(1, 0, 0, 0, 0, 0, 1, 1, 0, 0, 0, 0)": [8.070623397827148, 9.076790809631348, 8.55211067199707, 8.028261184692383], "(0, 1, 0, 0, 0, 0, 1, 1, 0, 0, 0, 0)": [8.599081993103027, 8.980724334716797, 8.83144760131836, 8.50933837890625], "(0, 1, 0, 0, 1, 0, 0, 1, 0, 1, 0, 0)": [8.768795013427734, -0.8505651354789734, 9.07635498046875, -0.5392648577690125], "(1, 0, 0, 0, 1, 0, 0, 1, 0, 1, 0, 0)": [11.713558197021484, -1.0670405626296997, 12.35992431640625, 12.107162475585938], "(1, 0, 0, 0, 1, 0, 0, 1, 1, 1, 0, 0)": [-1.7491294145584106, 1.621931552886963, 0.7336946725845337, 12.123990058898926], "(0, 1, 0, 0, 0, 0, 1, 0, 0, 0, 0, 0)": [8.324515342712402, 8.30743408203125, 7.630720138549805, 8.032825469970703], "(0, 1, 0, 0, 0, 0, 0, 1, 0, 1, 0, 0)": [7.594574451446533, -2.4828336238861084, 7.717978477478027, -1.7695366144180298], "(1, 0, 0, 0, 0, 0, 1, 1, 0, 0, 0, 1)": [10.30635929107666, 11.826313018798828, 11.715035438537598, -0.6319315433502197], "(1, 0, 0, 0, 0, 0, 1, 1, 1, 0, 0, 1)": [-1.021816611289978, 10.249000549316406, -1.376574158668518, -2.3142127990722656], "(0, 0, 1, 0, 0, 0, 1, 1, 0, 0, 0, 0)": [8.355915069580078, 8.984837532043457, 8.473292350769043, 8.126494407653809], "(0, 1, 0, 0, 0, 0, 0, 1, 1, 1, 0, 0)": [-1.16179358959198, -1.287827730178833, 10.387024879455566, 0.003237098455429077], "(0, 0, 1, 0, 0, 0, 0, 0, 0, 1, 0, 0)": [7.52307653427124, -1.8180432319641113, 8.225523948669434, 8.85202693939209], "(0, 0, 0, 1, 0, 0, 0, 0, 0, 0, 0, 0)": [8.871119499206543, 8.863326072692871, 8.511311531066895, 8.554872512817383], "(0, 0, 1, 0, 1, 0, 0, 1, 0, 0, 0, 0)": [9.406550407409668, 9.34245777130127, 9.455412864685059, 8.7574462890625], "(0, 0, 1, 0, 0, 1, 1, 0, 0, 0, 1, 0)": [-1.4199316501617432, 12.12745189666748, -0.2741355299949646, 11.567980766296387], "(0, 0, 1, 0, 0, 1, 1, 0, 0, 0, 0, 1)": [6.672725677490234, 8.779881477355957, 7.154556751251221, -0.5407760143280029], "(0, 0, 1, 0, 0, 0, 1, 0, 0, 0, 1, 1)": [-2.097813367843628, 7.315273284912109, -2.2448043823242188, -0.26187005639076233], "(0, 0, 1, 0, 0, 1, 1, 0, 0, 0, 1, 1)": [-0.9416279792785645, 10.827149391174316, -0.06695032864809036, -1.9311668872833252], "(1, 0, 0, 0, 0, 1, 0, 0, 0, 0, 0, 0)": [8.361272811889648, 8.807550430297852, 8.594979286193848, 9.213752746582031], "(0, 0, 1, 0, 0, 1, 1, 0, 0, 0, 0, 0)": [7.894596099853516, 9.039861679077148, 8.53831672668457, 8.069018363952637], "(0, 0, 0, 1, 0, 1, 1, 0, 0, 0, 0, 0)": [9.507930755615234, 9.390610694885254, 9.692122459411621, 9.707266807556152], "(0, 0, 0, 1, 0, 1, 0, 0, 0, 0, 0, 0)": [8.520319938659668, 9.193522453308105, 8.672745704650879, 8.94721508026123], "(0, 0, 1, 0, 0, 0, 1, 0, 0, 0, 0, 1)": [6.734636306762695, 7.729526519775391, 7.432267189025879, -0.2927701473236084], "(0, 0, 1, 0, 0, 1, 0, 0, 0, 1, 0, 0)": [7.762863636016846, -1.0637872219085693, 8.057644844055176, 9.089681625366211], "(0, 0, 1, 0, 1, 0, 0, 0, 0, 0, 0, 0)": [10.713595390319824, 10.702628135681152, 10.558633804321289, 10.223458290100098], "(0, 0, 1, 0, 1, 0, 0, 0, 0, 0, 1, 0)": [-1.188927173614502, 9.713286399841309, -0.19152843952178955, 8.833734512329102], "(0, 0, 0, 1, 0, 0, 0, 1, 1, 0, 0, 0)": [-1.1532388925552368, 8.614994049072266, 8.91936206817627, 8.498958587646484], "(0, 0, 0, 1, 0, 1, 1, 0, 0, 0, 0, 1)": [6.771904945373535, -0.15683120489120483, 7.958647727966309, -1.067433476448059], "(1, 0, 0, 0, 0, 1, 1, 0, 1, 0, 0, 0)": [-2.064319133758545, 8.989808082580566, -2.8285412788391113, 8.555983543395996], "(0, 0, 0, 1, 0, 1, 1, 0, 1, 0, 0, 0)": [1.095172643661499, 10.31213665008545, 10.480606079101562, 10.406529426574707], "(0, 0, 1, 0, 0, 0, 1, 0, 0, 0, 1, 0)": [-2.297280788421631, 8.503241539001465, -2.010016679763794, 8.108478546142578], "(0, 1, 0, 0, 0, 1, 0, 0, 1, 0, 0, 0)": [-0.8868499994277954, 13.360610008239746, 14.273040771484375, 13.569629669189453], "(0, 1, 0, 0, 0, 1, 0, 0, 0, 1, 0, 0)": [10.168089866638184, -1.8702614307403564, 10.027275085449219, -1.402596354484558],